{"time": 1781908432.1075666, "tickers": {"TTWO": 239.44000244140625, "NVDA": 210.22999572753906, "QS": 8.045000076293945}}